Distributor_ID,Timestamp,Power_Demand_kWh
D35,2024-05-01 00:00:00,29.497210477093013
D36,2024-05-01 01:00:00,87.07429750939083
D39,2024-05-01 02:00:00,63.02105783590869
D10,2024-05-01 03:00:00,45.93939604746378
D43,2024-05-01 04:00:00,46.28880152205497
D32,2024-05-01 05:00:00,97.93062874877923
D3,2024-05-01 06:00:00,67.21485402326935
D6,2024-05-01 07:00:00,80.90541970777069
D16,2024-05-01 08:00:00,28.893298973782215
D20,2024-05-01 09:00:00,71.09910910616549
D31,2024-05-01 10:00:00,62.1516254877915
D9,2024-05-01 11:00:00,30.113218587774533
D5,2024-05-01 12:00:00,42.90532945904128
D27,2024-05-01 13:00:00,68.10675097146725
D18,2024-05-01 14:00:00,37.416792889007084
D48,2024-05-01 15:00:00,77.56319499405929
D48,2024-05-01 16:00:00,96.93018878076863
D7,2024-05-01 17:00:00,29.04165639046549
D15,2024-05-01 18:00:00,21.15412917842229
D50,2024-05-01 19:00:00,44.282992926621766
D32,2024-05-01 20:00:00,74.59961411492388
D1,2024-05-01 21:00:00,45.58957751313297
D7,2024-05-01 22:00:00,47.43489767256402
D9,2024-05-01 23:00:00,57.60763274447257
D4,2024-05-02 00:00:00,18.635971492290885
D26,2024-05-02 01:00:00,16.077052003511255
D33,2024-05-02 02:00:00,58.94394726754447
D1,2024-05-02 03:00:00,25.88638389203748
D22,2024-05-02 04:00:00,35.288095338820725
D47,2024-05-02 05:00:00,91.25227887655602
D13,2024-05-02 06:00:00,68.86482086193112
D23,2024-05-02 07:00:00,68.15902017269752
D49,2024-05-02 08:00:00,38.14501686432925
D39,2024-05-02 09:00:00,66.21555233185022
D48,2024-05-02 10:00:00,28.561448053233736
D49,2024-05-02 11:00:00,78.06347684209798
D25,2024-05-02 12:00:00,89.68964432388056
D39,2024-05-02 13:00:00,23.272085242136754
D6,2024-05-02 14:00:00,82.29909334345695
D7,2024-05-02 15:00:00,94.43147594342352
D1,2024-05-02 16:00:00,99.97266125911852
D4,2024-05-02 17:00:00,61.13083856688752
D5,2024-05-02 18:00:00,29.018280511606513
D41,2024-05-02 19:00:00,65.12015874250282
D43,2024-05-02 20:00:00,43.42875002453518
D7,2024-05-02 21:00:00,43.626699530152344
D21,2024-05-02 22:00:00,57.284346188813345
D4,2024-05-02 23:00:00,39.39890902050496
D48,2024-05-03 00:00:00,73.7922759478542
D28,2024-05-03 01:00:00,58.99639678922537
D4,2024-05-03 02:00:00,65.57847404441614
D8,2024-05-03 03:00:00,42.30037558929513
D8,2024-05-03 04:00:00,61.85506762590541
D25,2024-05-03 05:00:00,77.2757959197891
D36,2024-05-03 06:00:00,98.44425854299188
D40,2024-05-03 07:00:00,30.74958482030122
D19,2024-05-03 08:00:00,49.59904856923908
D16,2024-05-03 09:00:00,79.99496442005953
D10,2024-05-03 10:00:00,30.43580615417362
D6,2024-05-03 11:00:00,89.90699008828315
D32,2024-05-03 12:00:00,26.775748029223863
D49,2024-05-03 13:00:00,48.60052212639657
D27,2024-05-03 14:00:00,23.71592790772532
D44,2024-05-03 15:00:00,56.3422514864233
D20,2024-05-03 16:00:00,38.80239205773351
D6,2024-05-03 17:00:00,57.08842976859366
D3,2024-05-03 18:00:00,61.754088862845386
D18,2024-05-03 19:00:00,24.36058270919622
D5,2024-05-03 20:00:00,51.01250273436304
D3,2024-05-03 21:00:00,67.41878830515796
D40,2024-05-03 22:00:00,78.71223090562515
D29,2024-05-03 23:00:00,83.65805016238473
D15,2024-05-04 00:00:00,38.15594265259672
D45,2024-05-04 01:00:00,50.47392893563954
D19,2024-05-04 02:00:00,41.26795898193828
D23,2024-05-04 03:00:00,42.72472499303618
D18,2024-05-04 04:00:00,49.90209729603203
D21,2024-05-04 05:00:00,55.36287950594798
D16,2024-05-04 06:00:00,60.697212240743994
D46,2024-05-04 07:00:00,77.1147414615137
D22,2024-05-04 08:00:00,95.70794143573775
D38,2024-05-04 09:00:00,59.25393482511869
D40,2024-05-04 10:00:00,88.27003335841407
D4,2024-05-04 11:00:00,34.90984048534822
D24,2024-05-04 12:00:00,106.10943565359136
D1,2024-05-04 13:00:00,44.40477278531025
D39,2024-05-04 14:00:00,39.32563941672381
D48,2024-05-04 15:00:00,51.91001300587902
D25,2024-05-04 16:00:00,42.229349862644
D37,2024-05-04 17:00:00,43.06854869775342
D2,2024-05-04 18:00:00,74.46957716262793
D13,2024-05-04 19:00:00,61.989627267733766
D48,2024-05-04 20:00:00,25.808499655147706
D11,2024-05-04 21:00:00,29.27251573394432
D5,2024-05-04 22:00:00,82.62746286196564
D19,2024-05-04 23:00:00,23.659211739328736
D47,2024-05-05 00:00:00,83.37897725997455
D14,2024-05-05 01:00:00,70.95013887720148
D32,2024-05-05 02:00:00,56.63485599714313
D34,2024-05-05 03:00:00,26.170840973835137
D28,2024-05-05 04:00:00,42.41185701944981
D28,2024-05-05 05:00:00,20.781448063595562
D5,2024-05-05 06:00:00,74.74109757632225
D23,2024-05-05 07:00:00,52.69685698607179
D22,2024-05-05 08:00:00,25.672816735168396
D13,2024-05-05 09:00:00,78.66711818715073
D43,2024-05-05 10:00:00,17.142877439267245
D9,2024-05-05 11:00:00,39.24128086470693
D8,2024-05-05 12:00:00,59.03816540148865
D41,2024-05-05 13:00:00,59.59459797270241
D13,2024-05-05 14:00:00,78.54584589242963
D5,2024-05-05 15:00:00,56.04547054053337
D30,2024-05-05 16:00:00,94.80222933549068
D44,2024-05-05 17:00:00,72.90038778228572
D2,2024-05-05 18:00:00,23.914383646823595
D16,2024-05-05 19:00:00,69.49078510011742
D48,2024-05-05 20:00:00,59.318962713427226
D43,2024-05-05 21:00:00,69.15173014904396
D25,2024-05-05 22:00:00,60.57770742304972
D26,2024-05-05 23:00:00,21.19018033182717
D26,2024-05-06 00:00:00,76.42997756924102
D13,2024-05-06 01:00:00,16.368749613038396
D9,2024-05-06 02:00:00,32.42140054147901
D34,2024-05-06 03:00:00,72.96059538728598
D9,2024-05-06 04:00:00,46.706732473201086
D1,2024-05-06 05:00:00,19.753774327770476
D9,2024-05-06 06:00:00,23.20717046411387
D34,2024-05-06 07:00:00,14.084911321609702
D18,2024-05-06 08:00:00,31.560111529512213
D26,2024-05-06 09:00:00,23.414545638110496
D7,2024-05-06 10:00:00,59.712058000986175
D47,2024-05-06 11:00:00,93.54970107662677
D8,2024-05-06 12:00:00,44.31649996385793
D8,2024-05-06 13:00:00,20.355571993274506
D30,2024-05-06 14:00:00,68.72101826322358
D12,2024-05-06 15:00:00,84.62078927191
D30,2024-05-06 16:00:00,81.06150277767216
D27,2024-05-06 17:00:00,84.92723234767851
D42,2024-05-06 18:00:00,77.11572848579578
D18,2024-05-06 19:00:00,69.0839602108103
D27,2024-05-06 20:00:00,75.29495746158551
D19,2024-05-06 21:00:00,84.09404147267028
D18,2024-05-06 22:00:00,30.173825266022664
D6,2024-05-06 23:00:00,65.85528041723029
D48,2024-05-07 00:00:00,39.88288619784391
D7,2024-05-07 01:00:00,102.08838321790273
D37,2024-05-07 02:00:00,90.4897740150928
D38,2024-05-07 03:00:00,53.24276621053407
D43,2024-05-07 04:00:00,38.849785935795715
D7,2024-05-07 05:00:00,86.91696837665313
D35,2024-05-07 06:00:00,82.01768997117928
D32,2024-05-07 07:00:00,95.52614222984971
D2,2024-05-07 08:00:00,63.35346483892314
D45,2024-05-07 09:00:00,76.62395481266225
D8,2024-05-07 10:00:00,27.693444248333222
D22,2024-05-07 11:00:00,56.97573994646901
D46,2024-05-07 12:00:00,98.46512054006237
D34,2024-05-07 13:00:00,84.07513140769682
D49,2024-05-07 14:00:00,80.62089626497423
D43,2024-05-07 15:00:00,37.99311678449921
D6,2024-05-07 16:00:00,33.719704900177284
D48,2024-05-07 17:00:00,76.50594315001713
D31,2024-05-07 18:00:00,17.638551612102123
D35,2024-05-07 19:00:00,84.21705400104406
D7,2024-05-07 20:00:00,22.97250254685084
D33,2024-05-07 21:00:00,91.68878398053107
D5,2024-05-07 22:00:00,29.414779059158242
D23,2024-05-07 23:00:00,94.6259843176548
D25,2024-05-08 00:00:00,67.94716803120676
D47,2024-05-08 01:00:00,53.12436422650393
D45,2024-05-08 02:00:00,62.222066537771255
D31,2024-05-08 03:00:00,54.888846874998215
D10,2024-05-08 04:00:00,74.02142618993432
D45,2024-05-08 05:00:00,98.94267551952925
D26,2024-05-08 06:00:00,91.800106282136
D41,2024-05-08 07:00:00,89.08516919060473
D42,2024-05-08 08:00:00,61.15203396501407
D33,2024-05-08 09:00:00,44.06176560735835
D50,2024-05-08 10:00:00,97.6951746061283
D28,2024-05-08 11:00:00,18.963418284434315
D38,2024-05-08 12:00:00,39.133452280018524
D36,2024-05-08 13:00:00,24.252906697387864
D38,2024-05-08 14:00:00,46.53342743593211
D27,2024-05-08 15:00:00,39.76689225731801
D26,2024-05-08 16:00:00,86.4585887412385
D34,2024-05-08 17:00:00,50.16165419619133
D48,2024-05-08 18:00:00,93.15262830145547
D27,2024-05-08 19:00:00,62.77886310367748
D8,2024-05-08 20:00:00,72.13224329159065
D43,2024-05-08 21:00:00,20.54222206353617
D37,2024-05-08 22:00:00,93.66393593417544
D27,2024-05-08 23:00:00,63.875180594118646
D21,2024-05-09 00:00:00,26.248900782584276
D50,2024-05-09 01:00:00,64.693286448597
D34,2024-05-09 02:00:00,68.25363158227947
D29,2024-05-09 03:00:00,50.32678629030997
D37,2024-05-09 04:00:00,68.86176808707863
D44,2024-05-09 05:00:00,91.82329775365835
D33,2024-05-09 06:00:00,83.66338095925691
D46,2024-05-09 07:00:00,24.95116908048934
D11,2024-05-09 08:00:00,37.25007972951785
D17,2024-05-09 09:00:00,72.52179812649698
D39,2024-05-09 10:00:00,28.354194195150335
D33,2024-05-09 11:00:00,29.17895113869924
D26,2024-05-09 12:00:00,43.364161550707166
D38,2024-05-09 13:00:00,32.313093593971644
D21,2024-05-09 14:00:00,50.035033291116626
D27,2024-05-09 15:00:00,31.520228903179092
D35,2024-05-09 16:00:00,79.71885764342781
D35,2024-05-09 17:00:00,57.600247384078756
D10,2024-05-09 18:00:00,44.31772309680059
D2,2024-05-09 19:00:00,40.73036463150081
D1,2024-05-09 20:00:00,84.55766113919776
D29,2024-05-09 21:00:00,77.13430329426284
D37,2024-05-09 22:00:00,79.42319886376299
D41,2024-05-09 23:00:00,92.27010808320192
D31,2024-05-10 00:00:00,21.828695075612558
D13,2024-05-10 01:00:00,81.33435302736548
D38,2024-05-10 02:00:00,88.43682118576294
D30,2024-05-10 03:00:00,29.49607637373764
D19,2024-05-10 04:00:00,75.47963548993401
D30,2024-05-10 05:00:00,26.933375054097514
D36,2024-05-10 06:00:00,48.35118533936166
D48,2024-05-10 07:00:00,26.2559518515748
D46,2024-05-10 08:00:00,65.60712331714429
D45,2024-05-10 09:00:00,31.90531554330687
D36,2024-05-10 10:00:00,80.85518757787258
D20,2024-05-10 11:00:00,100.90057155015998
D19,2024-05-10 12:00:00,72.66770476829558
D19,2024-05-10 13:00:00,34.33540404540075
D37,2024-05-10 14:00:00,24.511233359631532
D12,2024-05-10 15:00:00,58.84227338063616
D33,2024-05-10 16:00:00,78.38882095342346
D1,2024-05-10 17:00:00,85.59851667367259
D14,2024-05-10 18:00:00,35.59762767240854
D46,2024-05-10 19:00:00,20.586364007652314
D48,2024-05-10 20:00:00,50.41138598964632
D16,2024-05-10 21:00:00,77.26871248958838
D11,2024-05-10 22:00:00,76.1341333895617
D31,2024-05-10 23:00:00,38.385197767000136
D46,2024-05-11 00:00:00,85.09167509099181
D6,2024-05-11 01:00:00,59.61270905611255
D18,2024-05-11 02:00:00,35.800364595289246
D44,2024-05-11 03:00:00,37.05970456919788
D4,2024-05-11 04:00:00,27.542550559319434
D42,2024-05-11 05:00:00,32.608950091294886
D2,2024-05-11 06:00:00,59.30911595992717
D32,2024-05-11 07:00:00,53.50691429516907
D19,2024-05-11 08:00:00,89.99113876976782
D6,2024-05-11 09:00:00,66.06396668230344
D46,2024-05-11 10:00:00,106.8670732536806
D38,2024-05-11 11:00:00,77.08901067822688
D10,2024-05-11 12:00:00,69.05826595597419
D50,2024-05-11 13:00:00,53.46009108785576
D47,2024-05-11 14:00:00,67.10371373842358
D2,2024-05-11 15:00:00,44.33406420626505
D27,2024-05-11 16:00:00,75.59456357207445
D16,2024-05-11 17:00:00,23.35441409677166
D30,2024-05-11 18:00:00,37.57677461776275
D24,2024-05-11 19:00:00,51.38219098896261
D47,2024-05-11 20:00:00,31.52132404234033
D40,2024-05-11 21:00:00,35.108062225823026
D17,2024-05-11 22:00:00,15.109154938857145
D6,2024-05-11 23:00:00,49.67016363733491
D4,2024-05-12 00:00:00,61.54651878342036
D4,2024-05-12 01:00:00,80.17065814702946
D2,2024-05-12 02:00:00,93.67907008599738
D16,2024-05-12 03:00:00,53.20679072559786
D25,2024-05-12 04:00:00,36.481457758908455
D14,2024-05-12 05:00:00,92.07761454083577
D3,2024-05-12 06:00:00,43.77451507499836
D7,2024-05-12 07:00:00,30.55922482281659
D39,2024-05-12 08:00:00,77.85008704897334
D45,2024-05-12 09:00:00,55.56479046199465
D2,2024-05-12 10:00:00,62.14732237576723
D2,2024-05-12 11:00:00,67.5378383053883
D16,2024-05-12 12:00:00,60.70523464748372
D25,2024-05-12 13:00:00,69.70935308610473
D50,2024-05-12 14:00:00,90.5308071542057
D50,2024-05-12 15:00:00,100.58123873259456
D44,2024-05-12 16:00:00,30.00852276479379
D4,2024-05-12 17:00:00,66.69848416565478
D1,2024-05-12 18:00:00,73.84593020900904
D14,2024-05-12 19:00:00,47.47170795118036
D14,2024-05-12 20:00:00,82.80102745136708
D8,2024-05-12 21:00:00,54.47378847404914
D37,2024-05-12 22:00:00,92.87586686706871
D49,2024-05-12 23:00:00,45.962511312554895
D36,2024-05-13 00:00:00,90.32912423181214
D17,2024-05-13 01:00:00,43.06192248600307
D10,2024-05-13 02:00:00,48.825568883138914
D8,2024-05-13 03:00:00,27.408008475931364
D45,2024-05-13 04:00:00,47.24097291290036
D12,2024-05-13 05:00:00,50.65651508708129
D34,2024-05-13 06:00:00,30.005655407476233
D24,2024-05-13 07:00:00,43.61413545354724
D6,2024-05-13 08:00:00,49.70786272344904
D7,2024-05-13 09:00:00,72.66163298374201
D10,2024-05-13 10:00:00,59.51416231871449
D45,2024-05-13 11:00:00,53.424509459496605
D45,2024-05-13 12:00:00,107.83572299221949
D28,2024-05-13 13:00:00,38.965273689473555
D3,2024-05-13 14:00:00,38.83765373911413
D43,2024-05-13 15:00:00,53.673970575819574
D29,2024-05-13 16:00:00,50.06200314026444
D26,2024-05-13 17:00:00,50.94557439264297
D43,2024-05-13 18:00:00,57.1540807969595
D29,2024-05-13 19:00:00,54.39802453068182
D5,2024-05-13 20:00:00,39.62776011521575
D17,2024-05-13 21:00:00,63.16322659069348
D22,2024-05-13 22:00:00,48.2089402667916
D50,2024-05-13 23:00:00,78.21909639076264
D41,2024-05-14 00:00:00,52.77357808619457
D37,2024-05-14 01:00:00,70.24435288781453
D35,2024-05-14 02:00:00,60.599781962835934
D45,2024-05-14 03:00:00,44.10265484972889
D41,2024-05-14 04:00:00,64.18685551135732
D24,2024-05-14 05:00:00,73.88433849191216
D35,2024-05-14 06:00:00,76.28722492832503
D29,2024-05-14 07:00:00,42.99988551301873
D40,2024-05-14 08:00:00,55.79033338528676
D41,2024-05-14 09:00:00,74.64975033183516
D36,2024-05-14 10:00:00,79.14900434454265
D19,2024-05-14 11:00:00,55.71019469636759
D32,2024-05-14 12:00:00,43.13585120204718
D16,2024-05-14 13:00:00,70.99741343950596
D24,2024-05-14 14:00:00,54.14541752660709
D16,2024-05-14 15:00:00,23.10400234344511
D43,2024-05-14 16:00:00,66.17997713624953
D21,2024-05-14 17:00:00,36.30182590398922
D39,2024-05-14 18:00:00,47.468027788765255
D12,2024-05-14 19:00:00,89.62897640354814
D18,2024-05-14 20:00:00,70.09845825597604
D16,2024-05-14 21:00:00,59.18349770714311
D18,2024-05-14 22:00:00,94.81510013543834
D48,2024-05-14 23:00:00,77.64081594526982
D20,2024-05-15 00:00:00,57.40202913433365
D50,2024-05-15 01:00:00,75.42533544691226
D1,2024-05-15 02:00:00,39.69295838524315
D4,2024-05-15 03:00:00,105.19787262832762
D44,2024-05-15 04:00:00,27.87520782407844
D8,2024-05-15 05:00:00,95.28762959839928
D16,2024-05-15 06:00:00,84.42240044201164
D15,2024-05-15 07:00:00,93.04042092834067
D19,2024-05-15 08:00:00,90.97411681438294
D43,2024-05-15 09:00:00,97.38123318382621
D19,2024-05-15 10:00:00,73.33585462429218
D20,2024-05-15 11:00:00,73.9245144407372
D22,2024-05-15 12:00:00,44.69175272618705
D43,2024-05-15 13:00:00,85.44370294034951
D30,2024-05-15 14:00:00,100.01961818336825
D47,2024-05-15 15:00:00,59.03643870855908
D24,2024-05-15 16:00:00,87.55297611506671
D2,2024-05-15 17:00:00,105.33382024746592
D34,2024-05-15 18:00:00,67.5396062833398
D21,2024-05-15 19:00:00,59.59996154117946
D7,2024-05-15 20:00:00,31.84828576384697
D9,2024-05-15 21:00:00,22.128238738380734
D41,2024-05-15 22:00:00,16.466840714291827
D8,2024-05-15 23:00:00,85.26144782780659
D38,2024-05-16 00:00:00,42.88167749231372
D12,2024-05-16 01:00:00,55.561891658003944
D35,2024-05-16 02:00:00,43.62718458245661
D9,2024-05-16 03:00:00,28.089111001880067
D32,2024-05-16 04:00:00,19.52479959430481
D16,2024-05-16 05:00:00,32.5555216833058
D40,2024-05-16 06:00:00,17.649587672008153
D37,2024-05-16 07:00:00,55.173270336945876
D11,2024-05-16 08:00:00,97.72640925089568
D26,2024-05-16 09:00:00,90.02474848101123
D13,2024-05-16 10:00:00,19.97336635693413
D49,2024-05-16 11:00:00,33.45706701110438
D20,2024-05-16 12:00:00,42.06852269096893
D1,2024-05-16 13:00:00,51.63575991074435
D14,2024-05-16 14:00:00,40.49576724961862
D32,2024-05-16 15:00:00,45.305808870449695
D35,2024-05-16 16:00:00,28.3979293916287
D3,2024-05-16 17:00:00,97.17116632880455
D41,2024-05-16 18:00:00,84.63835841290305
D13,2024-05-16 19:00:00,70.76256990736768
D14,2024-05-16 20:00:00,87.50809327377893
D41,2024-05-16 21:00:00,38.76150066348088
D4,2024-05-16 22:00:00,18.08470067302043
D39,2024-05-16 23:00:00,92.00761220260163
D38,2024-05-17 00:00:00,53.07318519374812
D27,2024-05-17 01:00:00,76.21451986834823
D2,2024-05-17 02:00:00,26.517054499986187
D11,2024-05-17 03:00:00,56.70983725225805
D6,2024-05-17 04:00:00,89.0999956289032
D16,2024-05-17 05:00:00,56.73001387376293
D10,2024-05-17 06:00:00,47.141351178769106
D40,2024-05-17 07:00:00,36.10576377227934
D20,2024-05-17 08:00:00,43.948101881498076
D5,2024-05-17 09:00:00,45.75176279315292
D36,2024-05-17 10:00:00,43.467019533833515
D24,2024-05-17 11:00:00,67.01365839363956
D47,2024-05-17 12:00:00,57.124002093093
D50,2024-05-17 13:00:00,33.56522437914185
D12,2024-05-17 14:00:00,51.85025684129273
D34,2024-05-17 15:00:00,34.27954077424268
D29,2024-05-17 16:00:00,79.20986111867502
D12,2024-05-17 17:00:00,96.0023548526762
D50,2024-05-17 18:00:00,96.46191765606162
D1,2024-05-17 19:00:00,44.374916922210566
D23,2024-05-17 20:00:00,104.34358235041506
D45,2024-05-17 21:00:00,45.877120285505335
D19,2024-05-17 22:00:00,79.40828496042263
D5,2024-05-17 23:00:00,43.583187381529996
D23,2024-05-18 00:00:00,78.97505784957484
D31,2024-05-18 01:00:00,26.891385899237715
D1,2024-05-18 02:00:00,84.87250538875288
D21,2024-05-18 03:00:00,36.746592548148385
D41,2024-05-18 04:00:00,48.90207361097792
D15,2024-05-18 05:00:00,101.81149407512814
D16,2024-05-18 06:00:00,17.80782426860368
D49,2024-05-18 07:00:00,25.744081462927397
D13,2024-05-18 08:00:00,99.37500067959067
D17,2024-05-18 09:00:00,27.965705199737116
D32,2024-05-18 10:00:00,87.86633107012985
D29,2024-05-18 11:00:00,32.842444152975325
D43,2024-05-18 12:00:00,17.038042530701595
D27,2024-05-18 13:00:00,48.86902424591368
D2,2024-05-18 14:00:00,61.63703851111054
D13,2024-05-18 15:00:00,86.92283581087189
D24,2024-05-18 16:00:00,95.81269345483395
D40,2024-05-18 17:00:00,68.43290528709413
D33,2024-05-18 18:00:00,27.919526216095008
D21,2024-05-18 19:00:00,99.06035434294434
D50,2024-05-18 20:00:00,30.99045116082397
D50,2024-05-18 21:00:00,93.79732454436781
D19,2024-05-18 22:00:00,65.77326647680216
D31,2024-05-18 23:00:00,70.55033685396218
D25,2024-05-19 00:00:00,28.610732642149568
D7,2024-05-19 01:00:00,77.76087346547705
D7,2024-05-19 02:00:00,34.57461064823259
D8,2024-05-19 03:00:00,41.26231165222254
D22,2024-05-19 04:00:00,93.91500094657071
D1,2024-05-19 05:00:00,25.600164701186305
D35,2024-05-19 06:00:00,60.438108664545915
D5,2024-05-19 07:00:00,42.413289838058965
D49,2024-05-19 08:00:00,55.518592940801376
D28,2024-05-19 09:00:00,32.6891860819885
D27,2024-05-19 10:00:00,47.66873150662257
D25,2024-05-19 11:00:00,89.24295361511807
D7,2024-05-19 12:00:00,51.064887052717935
D10,2024-05-19 13:00:00,66.21523871512609
D17,2024-05-19 14:00:00,89.13000465983636
D16,2024-05-19 15:00:00,27.1406063176362
D22,2024-05-19 16:00:00,94.87443234444066
D42,2024-05-19 17:00:00,36.61975367851729
D3,2024-05-19 18:00:00,45.96374002937586
D50,2024-05-19 19:00:00,37.40500501854828
D50,2024-05-19 20:00:00,24.807282632238707
D14,2024-05-19 21:00:00,52.175021018710105
D36,2024-05-19 22:00:00,39.02044641636614
D42,2024-05-19 23:00:00,87.28942945442661
D13,2024-05-20 00:00:00,65.95463227208248
D3,2024-05-20 01:00:00,14.602542937915718
D30,2024-05-20 02:00:00,38.157733164793825
D25,2024-05-20 03:00:00,42.59502985540074
D9,2024-05-20 04:00:00,61.69136438550401
D21,2024-05-20 05:00:00,36.82994416738848
D50,2024-05-20 06:00:00,28.242831146813153
D33,2024-05-20 07:00:00,85.63044503314178
D29,2024-05-20 08:00:00,96.59617801249628
D29,2024-05-20 09:00:00,77.16066901924995
D24,2024-05-20 10:00:00,60.17511508223758
D43,2024-05-20 11:00:00,76.13454776219017
D9,2024-05-20 12:00:00,49.46882155581975
D50,2024-05-20 13:00:00,87.41213466201003
D22,2024-05-20 14:00:00,37.81173633887064
D35,2024-05-20 15:00:00,93.6462660061374
D40,2024-05-20 16:00:00,75.316431923585
D43,2024-05-20 17:00:00,50.18111168434828
D12,2024-05-20 18:00:00,73.34280544034758
D29,2024-05-20 19:00:00,79.95899771391684
D13,2024-05-20 20:00:00,66.37970790692519
D17,2024-05-20 21:00:00,98.93992145138756
D10,2024-05-20 22:00:00,29.98351298426093
D10,2024-05-20 23:00:00,26.98409170817937
D2,2024-05-21 00:00:00,79.93494280228374
D48,2024-05-21 01:00:00,71.37781774677518
D23,2024-05-21 02:00:00,65.42886887766595
D31,2024-05-21 03:00:00,87.37535294658375
D7,2024-05-21 04:00:00,25.10999536247495
D15,2024-05-21 05:00:00,47.36743590242402
D4,2024-05-21 06:00:00,61.86532378277109
D8,2024-05-21 07:00:00,94.3468359198957
D5,2024-05-21 08:00:00,101.60951417755258
D46,2024-05-21 09:00:00,98.22716072156231
D39,2024-05-21 10:00:00,38.774652976741265
D20,2024-05-21 11:00:00,28.40580081509956
D41,2024-05-21 12:00:00,41.18443150228838
D29,2024-05-21 13:00:00,42.13816201982614
D42,2024-05-21 14:00:00,23.851385515076323
D20,2024-05-21 15:00:00,85.96364875173084
D2,2024-05-21 16:00:00,78.3634692844038
D50,2024-05-21 17:00:00,59.136599368980654
D3,2024-05-21 18:00:00,60.47023129068327
D14,2024-05-21 19:00:00,51.09626924328055
D27,2024-05-21 20:00:00,90.1569083890673
D50,2024-05-21 21:00:00,58.98857377175393
D25,2024-05-21 22:00:00,59.35866337004916
D39,2024-05-21 23:00:00,22.429529034315554
D26,2024-05-22 00:00:00,36.930171955684806
D48,2024-05-22 01:00:00,78.16797167775908
D26,2024-05-22 02:00:00,44.24596018494843
D24,2024-05-22 03:00:00,81.3517474637699
D20,2024-05-22 04:00:00,53.480009355473626
D3,2024-05-22 05:00:00,74.59728209880761
D9,2024-05-22 06:00:00,43.637064578783196
D16,2024-05-22 07:00:00,91.7979268101236
D29,2024-05-22 08:00:00,87.42486265770779
D12,2024-05-22 09:00:00,79.43743556828389
D15,2024-05-22 10:00:00,89.70766099320218
D44,2024-05-22 11:00:00,73.53390004100113
D41,2024-05-22 12:00:00,93.58873210418092
D39,2024-05-22 13:00:00,22.228028370436157
D47,2024-05-22 14:00:00,100.1027175702989
D43,2024-05-22 15:00:00,86.54084106796658
D23,2024-05-22 16:00:00,48.9103041249165
D40,2024-05-22 17:00:00,36.56715731244498
D46,2024-05-22 18:00:00,77.10467437914969
D29,2024-05-22 19:00:00,62.218806051000676
D27,2024-05-22 20:00:00,66.76505458160497
D40,2024-05-22 21:00:00,50.683216572716255
D28,2024-05-22 22:00:00,80.59928108214451
D50,2024-05-22 23:00:00,46.80713957495567
D31,2024-05-23 00:00:00,41.52148310184059
D12,2024-05-23 01:00:00,80.19202190253918
D50,2024-05-23 02:00:00,73.72987425041431
D17,2024-05-23 03:00:00,57.805115419553395
D1,2024-05-23 04:00:00,40.839018337010735
D33,2024-05-23 05:00:00,30.30069016429527
D50,2024-05-23 06:00:00,46.006771014894504
D50,2024-05-23 07:00:00,98.44263462113459
D47,2024-05-23 08:00:00,45.60704940010569
D17,2024-05-23 09:00:00,82.36167322934321
D7,2024-05-23 10:00:00,30.938802892862064
D50,2024-05-23 11:00:00,79.49633358994726
D30,2024-05-23 12:00:00,28.284854484413234
D4,2024-05-23 13:00:00,42.76392351574472
D44,2024-05-23 14:00:00,97.0890551246145
D36,2024-05-23 15:00:00,85.4371537827199
D44,2024-05-23 16:00:00,94.95109231352043
D16,2024-05-23 17:00:00,38.54094535492094
D36,2024-05-23 18:00:00,81.5209944599122
D17,2024-05-23 19:00:00,49.12510406423825
D10,2024-05-23 20:00:00,18.010114362922078
D27,2024-05-23 21:00:00,37.85978983970824
D37,2024-05-23 22:00:00,58.79983379824466
D15,2024-05-23 23:00:00,81.54637596779475
D20,2024-05-24 00:00:00,31.508633426347334
D5,2024-05-24 01:00:00,75.96878166716742
D3,2024-05-24 02:00:00,36.38925556492632
D21,2024-05-24 03:00:00,58.36696716775763
D2,2024-05-24 04:00:00,39.10232914503041
D30,2024-05-24 05:00:00,56.186301729364686
D4,2024-05-24 06:00:00,28.277488559780764
D10,2024-05-24 07:00:00,104.44982125578247
D16,2024-05-24 08:00:00,99.12460474590443
D19,2024-05-24 09:00:00,104.9045346823405
D46,2024-05-24 10:00:00,16.539916369786024
D43,2024-05-24 11:00:00,43.892990146516155
D20,2024-05-24 12:00:00,30.587027855383894
D14,2024-05-24 13:00:00,65.2530484740387
D31,2024-05-24 14:00:00,44.29001431638289
D10,2024-05-24 15:00:00,81.01048548652432
D14,2024-05-24 16:00:00,44.66794648123232
D39,2024-05-24 17:00:00,80.1581637837343
D31,2024-05-24 18:00:00,82.49955253227938
D33,2024-05-24 19:00:00,48.993039360102216
D42,2024-05-24 20:00:00,80.53140824756667
D14,2024-05-24 21:00:00,77.24335222990582
D21,2024-05-24 22:00:00,79.22614579390675
D35,2024-05-24 23:00:00,85.0920825318269
D37,2024-05-25 00:00:00,26.637746573865165
D5,2024-05-25 01:00:00,86.32409159560017
D19,2024-05-25 02:00:00,56.01893816014471
D1,2024-05-25 03:00:00,82.6274238647209
D43,2024-05-25 04:00:00,92.51167273915408
D41,2024-05-25 05:00:00,20.381868457098975
D22,2024-05-25 06:00:00,75.51308667937072
D17,2024-05-25 07:00:00,84.54679134173438
D50,2024-05-25 08:00:00,65.39489404305024
D20,2024-05-25 09:00:00,27.867950660116946
D31,2024-05-25 10:00:00,69.47268440865535
D6,2024-05-25 11:00:00,67.26736233145988
D50,2024-05-25 12:00:00,59.417889742440316
D8,2024-05-25 13:00:00,24.184804723227725
D28,2024-05-25 14:00:00,45.311280082972594
D9,2024-05-25 15:00:00,63.459666874783764
D38,2024-05-25 16:00:00,77.56560734730476
D14,2024-05-25 17:00:00,24.080067273248666
D16,2024-05-25 18:00:00,54.88005702917918
D47,2024-05-25 19:00:00,19.40014842627493
D44,2024-05-25 20:00:00,73.41789049001738
D38,2024-05-25 21:00:00,102.00402380640236
D16,2024-05-25 22:00:00,91.2867980666297
D13,2024-05-25 23:00:00,50.837371001501694
D7,2024-05-26 00:00:00,95.4981866447493
D14,2024-05-26 01:00:00,42.17064289449918
D16,2024-05-26 02:00:00,27.44895198618297
D2,2024-05-26 03:00:00,79.14951271907717
D21,2024-05-26 04:00:00,52.37532566405322
D44,2024-05-26 05:00:00,79.11488221226777
D32,2024-05-26 06:00:00,28.680356764090938
D39,2024-05-26 07:00:00,96.11682559173792
D2,2024-05-26 08:00:00,48.42578585647307
D37,2024-05-26 09:00:00,37.82751446308332
D4,2024-05-26 10:00:00,80.89840950555894
D24,2024-05-26 11:00:00,38.775656539144876
D14,2024-05-26 12:00:00,67.55940601122624
D31,2024-05-26 13:00:00,32.400870744560336
D31,2024-05-26 14:00:00,71.54838897784417
D36,2024-05-26 15:00:00,101.01199697600288
D6,2024-05-26 16:00:00,41.56758548432997
D31,2024-05-26 17:00:00,35.770612613874896
D17,2024-05-26 18:00:00,100.00213327619947
D17,2024-05-26 19:00:00,66.85807385393323
D46,2024-05-26 20:00:00,13.966024835894043
D44,2024-05-26 21:00:00,67.30037380343244
D1,2024-05-26 22:00:00,83.81682046181506
D13,2024-05-26 23:00:00,87.89164334476284
D13,2024-05-27 00:00:00,76.4069825845845
D5,2024-05-27 01:00:00,90.37230148294896
D33,2024-05-27 02:00:00,38.63018910984549
D34,2024-05-27 03:00:00,28.720479005087117
D5,2024-05-27 04:00:00,24.445819450551266
D26,2024-05-27 05:00:00,96.17216991394305
D35,2024-05-27 06:00:00,96.29113965193362
D30,2024-05-27 07:00:00,16.685860315396823
D39,2024-05-27 08:00:00,69.75179389763191
D47,2024-05-27 09:00:00,61.92325450650755
D19,2024-05-27 10:00:00,75.16870254173195
D41,2024-05-27 11:00:00,19.691704227458835
D4,2024-05-27 12:00:00,81.08904622281007
D42,2024-05-27 13:00:00,96.31363709331414
D16,2024-05-27 14:00:00,93.98497377381881
D19,2024-05-27 15:00:00,91.41267110356766
D1,2024-05-27 16:00:00,32.3537847637797
D22,2024-05-27 17:00:00,71.49533470959817
D38,2024-05-27 18:00:00,55.79510596641119
D50,2024-05-27 19:00:00,84.24961392147988
D7,2024-05-27 20:00:00,53.333064169290175
D11,2024-05-27 21:00:00,48.360045390462986
D5,2024-05-27 22:00:00,43.71654399230577
D8,2024-05-27 23:00:00,60.16373786562792
D10,2024-05-28 00:00:00,74.4457447373481
D15,2024-05-28 01:00:00,56.269821192914506
D12,2024-05-28 02:00:00,68.32184706132715
D40,2024-05-28 03:00:00,49.857018098928506
D32,2024-05-28 04:00:00,41.87951717818532
D14,2024-05-28 05:00:00,75.05033458981305
D24,2024-05-28 06:00:00,59.70522555076555
D13,2024-05-28 07:00:00,52.7512736695421
D40,2024-05-28 08:00:00,83.47008542802146
D24,2024-05-28 09:00:00,87.07312094844251
D39,2024-05-28 10:00:00,45.64391304241588
D47,2024-05-28 11:00:00,70.81297873134837
D22,2024-05-28 12:00:00,48.09408981437979
D19,2024-05-28 13:00:00,62.575514414304806
D16,2024-05-28 14:00:00,86.8671180743075
D49,2024-05-28 15:00:00,29.14290404567476
D3,2024-05-28 16:00:00,33.63382565042965
D43,2024-05-28 17:00:00,38.55273741101738
D5,2024-05-28 18:00:00,71.68835619476053
D9,2024-05-28 19:00:00,84.0918640877362
D26,2024-05-28 20:00:00,51.522020508444264
D47,2024-05-28 21:00:00,44.744893693677525
D48,2024-05-28 22:00:00,70.03753215919558
D2,2024-05-28 23:00:00,64.03205614256532
D18,2024-05-29 00:00:00,34.13983733030096
D8,2024-05-29 01:00:00,77.05229981522211
D14,2024-05-29 02:00:00,74.71670436110155
D2,2024-05-29 03:00:00,89.40612931244307
D50,2024-05-29 04:00:00,51.64073549425668
D36,2024-05-29 05:00:00,41.690868801088996
D47,2024-05-29 06:00:00,68.8660937115121
D5,2024-05-29 07:00:00,41.97203754976044
D17,2024-05-29 08:00:00,77.29697871110822
D50,2024-05-29 09:00:00,88.7747373167542
D32,2024-05-29 10:00:00,62.318184929158505
D47,2024-05-29 11:00:00,20.083492527100667
D14,2024-05-29 12:00:00,71.6889449827047
D4,2024-05-29 13:00:00,35.94853353913449
D10,2024-05-29 14:00:00,49.113976605915745
D43,2024-05-29 15:00:00,48.2205743208379
D35,2024-05-29 16:00:00,88.61679424747446
D31,2024-05-29 17:00:00,57.91796052124644
D19,2024-05-29 18:00:00,53.62227727809577
D43,2024-05-29 19:00:00,51.28201594296972
D44,2024-05-29 20:00:00,87.50571153305026
D31,2024-05-29 21:00:00,84.77316966903473
D8,2024-05-29 22:00:00,57.109426170212515
D36,2024-05-29 23:00:00,77.71665597816485
D42,2024-05-30 00:00:00,22.383183726420032
D27,2024-05-30 01:00:00,33.057802024792835
D28,2024-05-30 02:00:00,44.883750216187224
D6,2024-05-30 03:00:00,83.12719683779399
D27,2024-05-30 04:00:00,30.171890423484335
D35,2024-05-30 05:00:00,96.75818474836407
D12,2024-05-30 06:00:00,94.86206152465907
D36,2024-05-30 07:00:00,74.19758650968193
D9,2024-05-30 08:00:00,85.81815314482492
D2,2024-05-30 09:00:00,97.9274105742324
D21,2024-05-30 10:00:00,58.71766368099222
D42,2024-05-30 11:00:00,68.94559284788004
D15,2024-05-30 12:00:00,39.886951156838286
D28,2024-05-30 13:00:00,70.75029372767239
D25,2024-05-30 14:00:00,33.61518962057515
D24,2024-05-30 15:00:00,95.73874349341146
D19,2024-05-30 16:00:00,86.06464134229445
D15,2024-05-30 17:00:00,40.15192352676017
D29,2024-05-30 18:00:00,102.61556366139811
D18,2024-05-30 19:00:00,59.961937290353916
D27,2024-05-30 20:00:00,79.70073552308777
D32,2024-05-30 21:00:00,38.88561306693169
D35,2024-05-30 22:00:00,84.14275195339451
D9,2024-05-30 23:00:00,74.74659889889604
